<?xml version="1.0" encoding="ISO-8859-1"?>
<export exported="1238768862">
	<group>
		<row>
			<login_title>Steam</login_title>
			<login_description>Provides Steam login support for your community.</login_description>
			<login_folder_name>steam</login_folder_name>
			<login_maintain_url></login_maintain_url>
			<login_register_url></login_register_url>
			<login_alt_login_html></login_alt_login_html>
			<login_alt_acp_html></login_alt_acp_html>
			<login_settings>0</login_settings>
			<login_enabled>0</login_enabled>
			<login_safemode>0</login_safemode>
			<login_replace_form>0</login_replace_form>
			<login_user_id></login_user_id>
			<login_login_url></login_login_url>
			<login_logout_url></login_logout_url>
		</row>
	</group>
</export>